County FIPS Code ,County ,Year,Weekend_Hospital Admisison Per  day,Weekdays_Hospital Admisison Per day ,Total Population ,(0-17) years,(18-44) years,(45-64) years,(65+ years),"Disease Burden (Age Adjusted Death Rate Per 100,000)                                         ","SVI (mean of year 2010,2013,2016,2019)",Price Parity Index (2020),Hospital bed (2020)
12001,Alachua,2010,52,77,247614,47375,119899,56568,26859,762.5,0.272725,1.024673469,1713
12003,Baker,2010,6,10,27066,7412,9901,7170,2971,1002.5,0.363625,0.804662189,25
12005,Bay,2010,48,80,169206,39299,59907,47564,24648,841.2,0.4394,0.937384933,737
12007,Bradford,2010,7,11,28536,6141,10751,8020,4125,830.8,0.61745,1.108751987,5
12009,Brevard,2010,140,233,543965,106589,159811,165752,111213,739.6,0.106075,0.896785557,1907
12011,Broward,2010,479,720,1752803,400245,624502,486494,250263,672.4,0.5038,0.855038877,6442
12013,Calhoun,2010,2,5,14647,3349,5247,3995,2288,896,0.67045,1.320135864,25
12015,Charlotte,2010,49,84,159875,22322,33633,48531,54947,676.1,0.208325,0.988659974,715
12017,Citrus,2010,37,69,141173,21887,30950,42757,45151,801,0.321975,1.150959604,332
12019,Clay,2010,39,70,191451,49301,65493,53321,22563,795.5,0.162875,0.774490417,524
12021,Collier,2010,67,109,322581,64900,90263,83977,85712,511.2,0.318175,0.730980719,1059
12023,Columbia,2010,18,31,67553,16001,22920,19027,10440,921.8,0.67425,1.095087538,91
12027,DeSoto,2010,8,15,34934,8277,12512,8317,6283,631.8,0.75,0.991586656,49
12029,Dixie,2010,4,7,16400,3280,4957,5116,3205,720.9,0.443175,1.436734579,0
12031,Duval,2010,239,375,865628,218398,336838,228790,96733,864.2,0.424225,1.278372,3949
12033,Escambia,2010,78,128,298038,68436,110857,80029,43035,835.8,0.321975,0.912340746,1629
12035,Flagler,2010,20,34,96066,19144,25806,27588,23636,882.3,0.140175,1,99
12037,Franklin,2010,2,4,11522,2175,4159,3367,2015,674.3,0.64395,0.933980262,25
12039,Gadsden,2010,11,18,47794,11974,16649,13586,6377,906.5,0.7121,1.091589306,4
12041,Gilchrist,2010,4,6,17000,3665,5713,4757,2889,873.7,0.5985,1.229801213,0
12043,Glades,2010,1,3,12869,2568,4331,3353,2785,751.9,0.60605,1.166704858,0
12045,Gulf,2010,3,6,15825,2575,5883,4772,2616,696.5,0.3826,1.242526295,19
12047,Hamilton,2010,2,4,14683,2944,5753,4097,1963,741.8,0.7841,1.067131958,0
12049,Hardee,2010,6,11,27730,8264,10360,6127,3581,806.1,0.8674,1.320101636,25
12051,Hendry,2010,10,16,39009,11559,15003,8655,4499,747.7,0.85605,1.316245282,25
12053,Hernando,2010,54,89,172969,34130,45967,48259,44671,776.7,0.321975,1.247305243,740
12055,Highlands,2010,32,55,98635,18718,23902,24989,31844,798.3,0.7159,1.043083668,330
12057,Hillsborough,2010,296,473,1233498,306587,478401,314880,146216,721.5,0.488675,1.243588491,4539
12059,Holmes,2010,3,6,19843,4308,6665,5505,3428,735.3,0.5568,0.864666123,20
12061,Indian River,2010,36,60,138270,25895,35759,38951,37684,1087.9,0.196975,1.302107309,590
12063,Jackson,2010,9,15,49648,10114,17964,13992,7857,618,0.76515,0.930124224,100
12065,Jefferson,2010,3,5,14755,2921,4790,4760,2465,877.4,0.530325,1.276961276,0
12067,Lafayette,2010,1,2,8808,1887,3782,2151,1090,849.3,0.6818,1.077794242,0
12069,Lake,2010,97,156,297709,63510,84254,79558,72183,764.6,0.397725,1.014950663,867
12071,Lee,2010,151,250,620449,126040,183658,169595,146497,699.7,0.35985,0.933997395,2127
12073,Leon,2010,47,78,275971,57327,132537,63237,26254,610.5,0.393925,0.880394937,1208
12075,Levy,2010,12,18,40720,8819,11713,12469,7942,736.9,0.66665,0.958742892,0
12077,Liberty,2010,1,2,8349,1819,3421,2271,902,955.4,0.723475,1.364062584,0
12079,Madison,2010,3,6,19248,4357,6582,5440,3076,1047.3,0.738625,1.339339734,25
12081,Manatee,2010,73,124,323424,69257,92308,89381,75577,853.7,0.44695,1.374706375,895
12083,Marion,2010,91,147,331331,65633,91308,90417,85664,636.4,0.409125,0.862834483,1097
12085,Martin,2010,30,53,146909,25450,37251,43671,40212,771.7,0.0985,1.12219259,504
12086,Miami-Dade,2010,667,1045,2506972,567459,963641,643138,354206,572.2,0.833325,0.832856231,9454
12087,Monroe,2010,17,29,73220,11610,23751,25842,12605,733.7,0.22725,0.727014407,196
12089,Nassau,2010,15,28,73513,16092,22852,22688,12062,772.9,0.11745,0.727949902,62
12091,Okaloosa,2010,39,74,180715,42428,64907,50216,25368,761.6,0.29545,0.802923737,470
12093,Okeechobee,2010,13,24,40025,9888,13660,10004,6820,891,0.84845,1.219228927,100
12095,Orange,2010,302,465,1148564,282003,488615,278017,111946,689.3,0.61745,0.874017235,4819
12097,Osceola,2010,73,107,269837,70768,101427,67976,30004,694,0.719675,0.973909218,1107
12099,Palm Beach,2010,349,539,1323619,275741,418917,349786,286119,573.5,0.499975,0.804357099,4336
12101,Pasco,2010,127,209,465487,101011,142724,127664,96608,772.7,0.428025,0.963788143,1493
12103,Pinellas,2010,256,398,916412,164301,277049,282449,194694,742.6,0.325775,0.941301534,3939
12105,Polk,2010,182,283,603102,148078,198099,154670,108939,747,0.678025,1.006543571,1806
12107,Putnam,2010,21,36,74220,17522,21720,21745,14068,1003.1,0.844675,1.351606053,99
12109,St. Johns,2010,37,65,191249,43073,59318,57838,30147,634.1,0.257575,0.619012304,335
12111,St. Lucie,2010,67,116,278264,63823,86291,74418,55662,683.4,0.405325,0.973108826,851
12113,Santa Rosa,2010,32,57,152908,36752,53192,43817,19616,794.3,0.2841,0.749311984,355
12115,Sarasota,2010,78,142,379930,59169,91462,110105,118723,599.2,0.1932,0.818095636,1542
12117,Seminole,2010,93,145,423051,95056,156279,118865,51083,658.1,0.54925,0.7625659,954
12119,Sumter,2010,26,45,94278,8676,17324,27137,41330,603.1,0.30305,0.88971796,347
12121,Suwannee,2010,9,15,42328,9856,13366,11647,7908,817.9,0.863625,1.064299003,2
12123,Taylor,2010,4,9,22595,4730,8011,6586,3568,828.7,0.708325,1.263211433,48
12125,Union,2010,4,10,15542,3130,6013,4935,1582,1374.2,0.731075,1.150101649,25
12127,Volusia,2010,133,205,494440,94647,151842,145085,104591,795.4,0.458325,1.028710551,1582
12129,Wakulla,2010,5,9,30825,6997,11530,9043,3363,802.3,0.4053,0.829099495,0
12131,Walton,2010,12,22,55217,12156,18269,16614,9023,799.4,0.5189,0.876439502,136
12133,Washington,2010,4,9,24720,5422,8720,6928,3823,1070.6,0.696975,1.375263357,59
12001,Alachua,2011,52,80,249834,48341,120988,56605,27572,761.3,0.272725,,
12003,Baker,2011,7,11,27049,7371,9850,7142,3065,932.8,0.363625,,
12005,Bay,2011,46,81,169555,38919,59617,48019,25190,815.9,0.4394,,
12007,Bradford,2011,8,12,28431,6090,10698,7951,4220,831.3,0.61745,,
12009,Brevard,2011,145,235,544359,105065,158784,166817,113314,746,0.106075,,
12011,Broward,2011,473,706,1786980,405533,638057,498331,255482,656.5,0.5038,,
12013,Calhoun,2011,3,5,14717,3305,5285,3968,2329,934.3,0.67045,,
12015,Charlotte,2011,48,80,159869,21884,33193,48222,56138,644.5,0.208325,,
12017,Citrus,2011,37,67,139764,21334,30429,41951,45722,825.1,0.321975,,
12019,Clay,2011,43,73,192314,48290,65501,54086,23427,854.4,0.162875,,
12021,Collier,2011,67,111,327629,65038,91052,84810,89150,514.4,0.318175,,
12023,Columbia,2011,19,33,67317,15728,22845,18959,10623,946.7,0.67425,,
12027,DeSoto,2011,8,13,34845,8067,12425,8340,6445,631.9,0.75,,
12029,Dixie,2011,4,7,16406,3360,4884,5073,3293,711.5,0.443175,,
12031,Duval,2011,244,391,872355,219414,338576,231500,99280,966.8,0.424225,,
12033,Escambia,2011,79,129,299401,68470,111317,80673,43527,872.4,0.321975,,
12035,Flagler,2011,20,34,97462,18944,25900,28003,24612,871.1,0.140175,,
12037,Franklin,2011,2,3,11472,2100,4111,3373,2064,692.5,0.64395,,
12039,Gadsden,2011,12,19,47373,11673,16563,13498,6466,866.4,0.7121,,
12041,Gilchrist,2011,4,6,16994,3634,5654,4745,2981,908.2,0.5985,,
12043,Glades,2011,1,2,12837,2504,4299,3311,2857,835.8,0.60605,,
12045,Gulf,2011,4,6,15764,2561,5847,4726,2682,553.9,0.3826,,
12047,Hamilton,2011,3,5,14595,2960,5656,4074,2028,804.3,0.7841,,
12049,Hardee,2011,6,11,27684,8139,10248,6186,3671,863.6,0.8674,,
12051,Hendry,2011,10,16,38972,11475,14917,8759,4565,749.1,0.85605,,
12053,Hernando,2011,54,88,172847,33692,45720,48140,45114,707.4,0.321975,,
12055,Highlands,2011,29,52,98477,18620,23964,24729,31989,825.6,0.7159,,
12057,Hillsborough,2011,308,484,1255503,310118,482127,326788,150571,641.1,0.488675,,
12059,Holmes,2011,3,5,19838,4335,6673,5485,3455,741.4,0.5568,,
12061,Indian River,2011,38,60,139103,25666,35671,39189,38519,949.8,0.196975,,
12063,Jackson,2011,8,14,49197,9858,17767,13839,8014,647.6,0.76515,,
12065,Jefferson,2011,3,5,14529,2881,4615,4683,2531,953.6,0.530325,,
12067,Lafayette,2011,1,2,8798,1857,3746,2139,1126,917.9,0.6818,,
12069,Lake,2011,98,154,300505,63507,84742,80097,73851,941.3,0.397725,,
12071,Lee,2011,154,253,631053,126462,184475,172311,152546,682.7,0.35985,,
12073,Leon,2011,49,81,278371,57171,133895,63363,27254,612.4,0.393925,,
12075,Levy,2011,12,18,40151,8512,11424,12340,8111,721,0.66665,,
12077,Liberty,2011,1,3,8264,1747,3355,2254,927,954.3,0.723475,,
12079,Madison,2011,3,6,19130,4221,6590,5418,3114,1014.6,0.738625,,
12081,Manatee,2011,77,124,327549,69185,93062,90217,77862,918.1,0.44695,,
12083,Marion,2011,88,144,332286,65111,91633,90276,87044,646.2,0.409125,,
12085,Martin,2011,30,54,147871,25374,37291,43844,40989,793.9,0.0985,,
12086,Miami-Dade,2011,681,1054,2544531,572601,972860,661007,362814,571.7,0.833325,,
12087,Monroe,2011,16,27,73967,11982,23893,25731,13065,680.3,0.22725,,
12089,Nassau,2011,16,29,74148,15994,22819,22821,12620,815.2,0.11745,,
12091,Okaloosa,2011,41,74,183102,43652,66035,50423,25838,786.4,0.29545,,
12093,Okeechobee,2011,13,23,39869,9748,13637,9959,6872,782.9,0.84845,,
12095,Orange,2011,303,461,1170579,284849,495884,285736,116288,692.6,0.61745,,
12097,Osceola,2011,75,111,278636,72693,104920,69882,31724,698.7,0.719675,,
12099,Palm Beach,2011,359,545,1336760,275814,420859,355479,291135,568.4,0.499975,,
12101,Pasco,2011,137,219,466464,99697,142339,128625,97937,787.5,0.428025,,
12103,Pinellas,2011,248,392,918455,163869,276396,283929,197225,730.6,0.325775,,
12105,Polk,2011,178,276,609948,147431,201076,156456,111287,745.9,0.678025,,
12107,Putnam,2011,21,36,73652,17254,21370,21629,14253,960.3,0.844675,,
12109,St. Johns,2011,37,67,196106,43414,60323,59425,31799,624.4,0.257575,,
12111,St. Lucie,2011,70,118,280416,63053,86250,75374,57359,680.7,0.405325,,
12113,Santa Rosa,2011,34,59,155738,36693,54497,44669,20269,869.8,0.2841,,
12115,Sarasota,2011,82,141,382226,58996,91268,110358,121294,591,0.1932,,
12117,Seminole,2011,94,147,426334,94071,157083,120454,53086,655.8,0.54925,,
12119,Sumter,2011,27,45,97975,8730,17493,27343,44635,645.2,0.30305,,
12121,Suwannee,2011,10,17,43368,10047,13978,11849,8022,896.3,0.863625,,
12123,Taylor,2011,4,9,22662,4755,8040,6549,3658,854.4,0.708325,,
12125,Union,2011,5,10,15302,3038,5849,4827,1659,1251.8,0.731075,,
12127,Volusia,2011,129,200,494464,93559,150995,145552,106087,774.9,0.458325,,
12129,Wakulla,2011,5,10,30973,6982,11511,9137,3518,958.3,0.4053,,
12131,Walton,2011,11,21,55602,11982,18063,16875,9401,787.6,0.5189,,
12133,Washington,2011,4,9,24510,5271,8515,6927,3882,956.6,0.696975,,
12001,Alachua,2012,55,83,251520,49130,121205,56348,29072,752.3,0.272725,,
12003,Baker,2012,6,11,27053,7219,9796,7140,3230,1009.8,0.363625,,
12005,Bay,2012,49,82,171757,39488,60150,48098,26443,825.9,0.4394,,
12007,Bradford,2012,8,12,27051,6001,9579,7565,4374,871.6,0.61745,,
12009,Brevard,2012,148,236,546966,104712,158677,165964,117691,743.7,0.106075,,
12011,Broward,2012,477,698,1814253,408101,647316,505027,265654,653.1,0.5038,,
12013,Calhoun,2012,3,5,14665,3268,5213,3962,2378,783.8,0.67045,,
12015,Charlotte,2012,49,83,162744,21900,34350,47501,58653,605.4,0.208325,,
12017,Citrus,2012,42,70,139180,21115,30035,40764,47047,817.7,0.321975,,
12019,Clay,2012,44,72,193861,47467,65838,54244,25069,809.8,0.162875,,
12021,Collier,2012,71,112,332233,64930,91407,84492,93664,493.4,0.318175,,
12023,Columbia,2012,19,33,67884,15676,23174,18810,11054,916.5,0.67425,,
12027,DeSoto,2012,7,13,35005,7867,12413,8342,6745,631.5,0.75,,
12029,Dixie,2012,5,7,16153,3261,4759,4884,3425,647.9,0.443175,,
12031,Duval,2012,249,390,880108,220191,340510,231727,104576,913.3,0.424225,,
12033,Escambia,2012,82,132,303423,68811,113893,80180,45280,853.9,0.321975,,
12035,Flagler,2012,21,36,98434,18563,25772,27841,26081,895.7,0.140175,,
12037,Franklin,2012,2,4,11612,2094,4180,3312,2177,710.3,0.64395,,
12039,Gadsden,2012,11,18,46574,11487,16036,13186,6683,819.7,0.7121,,
12041,Gilchrist,2012,4,6,16897,3546,5600,4671,3094,882.9,0.5985,,
12043,Glades,2012,1,2,12669,2275,4196,3287,2910,892.2,0.60605,,
12045,Gulf,2012,4,7,15770,2519,5866,4650,2791,574.6,0.3826,,
12047,Hamilton,2012,3,5,14721,2892,5736,4052,2142,1055.6,0.7841,,
12049,Hardee,2012,6,11,27439,7898,10063,6105,3766,897.6,0.8674,,
12051,Hendry,2012,10,15,37870,11467,13953,8557,4716,695.3,0.85605,,
12053,Hernando,2012,60,89,172718,32727,45791,47567,46120,701.5,0.321975,,
12055,Highlands,2012,31,51,98222,18361,23972,24005,32556,803.9,0.7159,,
12057,Hillsborough,2012,314,481,1279639,313194,491317,330726,159010,713.9,0.488675,,
12059,Holmes,2012,3,5,19697,4149,6619,5464,3542,753.9,0.5568,,
12061,Indian River,2012,38,62,140473,25522,35813,39028,40032,1014.8,0.196975,,
12063,Jackson,2012,8,14,49109,9507,17903,13650,8266,616.9,0.76515,,
12065,Jefferson,2012,2,5,14219,2721,4438,4530,2688,810.3,0.530325,,
12067,Lafayette,2012,1,2,8791,1882,3700,2111,1184,743.1,0.6818,,
12069,Lake,2012,97,154,303725,62907,85447,79737,76995,834,0.397725,,
12071,Lee,2012,152,249,644197,127314,187469,172315,161572,665.6,0.35985,,
12073,Leon,2012,49,81,283620,56746,137094,63775,29095,575.5,0.393925,,
12075,Levy,2012,12,17,39823,8406,11173,12023,8451,775.3,0.66665,,
12077,Liberty,2012,1,3,8301,1662,3406,2255,973,905.5,0.723475,,
12079,Madison,2012,3,5,18972,4035,6493,5370,3245,836.1,0.738625,,
12081,Manatee,2012,81,127,333844,69436,94440,90592,81785,907.8,0.44695,,
12083,Marion,2012,92,147,333873,65152,92124,88862,89652,614.6,0.409125,,
12085,Martin,2012,30,51,148981,25251,37389,43379,42452,770.8,0.0985,,
12086,Miami-Dade,2012,682,1040,2576554,575084,979898,673913,374754,562.7,0.833325,,
12087,Monroe,2012,16,28,74560,12166,23875,25305,14044,640.1,0.22725,,
12089,Nassau,2012,17,30,74519,15737,22746,22462,13580,731.9,0.11745,,
12091,Okaloosa,2012,42,72,189762,46208,70202,50080,26889,765.9,0.29545,,
12093,Okeechobee,2012,15,25,39710,9509,13540,9928,7088,859.1,0.84845,,
12095,Orange,2012,313,468,1202498,290306,508350,293812,123275,700.6,0.61745,,
12097,Osceola,2012,78,115,288876,75164,109482,71132,34041,706.9,0.719675,,
12099,Palm Beach,2012,362,542,1354936,276555,426555,357029,301138,566.6,0.499975,,
12101,Pasco,2012,146,221,469637,99598,142526,127984,101530,768.7,0.428025,,
12103,Pinellas,2012,254,392,921642,163196,276247,281214,204203,713.5,0.325775,,
12105,Polk,2012,185,281,615453,146485,202273,155938,116057,747.9,0.678025,,
12107,Putnam,2012,20,35,72927,16942,21074,21165,14644,882.8,0.844675,,
12109,St. Johns,2012,39,65,202066,43878,61932,60596,34352,637.8,0.257575,,
12111,St. Lucie,2012,78,123,282931,62457,86233,75350,60123,665.3,0.405325,,
12113,Santa Rosa,2012,35,58,158190,36829,55557,44750,21478,802,0.2841,,
12115,Sarasota,2012,86,141,386437,59131,91602,109315,126071,583.3,0.1932,,
12117,Seminole,2012,97,147,430537,93926,158052,120652,56599,660.5,0.54925,,
12119,Sumter,2012,29,49,101669,8583,17482,26765,49087,565.5,0.30305,,
12121,Suwannee,2012,11,17,43534,9816,14089,11738,8317,898.8,0.863625,,
12123,Taylor,2012,4,8,22758,4729,8152,6403,3839,915.2,0.708325,,
12125,Union,2012,5,10,15255,3027,5813,4694,1804,1147.5,0.731075,,
12127,Volusia,2012,131,201,496535,93024,150828,144267,110057,787.4,0.458325,,
12129,Wakulla,2012,6,10,30859,6882,11416,8990,3775,858.9,0.4053,,
12131,Walton,2012,12,21,57190,12466,18470,17119,9980,761.2,0.5189,,
12133,Washington,2012,5,8,24741,5205,8712,6934,3974,857.3,0.696975,,
12001,Alachua,2013,57,82,252475,49521,120902,55812,30418,764.8,0.272725,,
12003,Baker,2013,6,10,27009,6935,9726,7151,3370,925.2,0.363625,,
12005,Bay,2013,50,79,174596,40391,61262,48163,27522,889.2,0.4394,,
12007,Bradford,2013,7,11,26802,5869,9365,7465,4480,855.3,0.61745,,
12009,Brevard,2013,152,239,550255,104147,159532,165639,121091,747.4,0.106075,,
12011,Broward,2013,480,695,1836600,412070,652977,509341,274686,636.2,0.5038,,
12013,Calhoun,2013,2,5,14578,3161,5145,3926,2425,820,0.67045,,
12015,Charlotte,2013,50,80,164671,21650,34506,47280,60881,623.6,0.208325,,
12017,Citrus,2013,43,69,138829,21130,29915,39906,47905,789.6,0.321975,,
12019,Clay,2013,46,74,195657,46839,66215,54636,26521,830.4,0.162875,,
12021,Collier,2013,67,106,338987,64869,92434,85924,97801,465.5,0.318175,,
12023,Columbia,2013,21,32,67417,15296,22868,18549,11365,961.6,0.67425,,
12027,DeSoto,2013,6,12,34905,7655,12379,8305,6925,605.3,0.75,,
12029,Dixie,2013,5,7,16084,3233,4692,4802,3543,662.6,0.443175,,
12031,Duval,2013,259,390,885943,220409,341423,231716,109102,946.4,0.424225,,
12033,Escambia,2013,83,129,306694,69270,116248,79432,46544,870,0.321975,,
12035,Flagler,2013,23,36,99798,18316,26062,27905,27233,890.1,0.140175,,
12037,Franklin,2013,2,4,11521,2060,4106,3230,2256,704.3,0.64395,,
12039,Gadsden,2013,11,17,46087,11069,15704,13049,6870,874.6,0.7121,,
12041,Gilchrist,2013,4,6,16957,3513,5610,4672,3197,932.9,0.5985,,
12043,Glades,2013,1,2,12670,2196,4205,3285,3006,810.8,0.60605,,
12045,Gulf,2013,3,6,15884,2516,5885,4687,2851,624.5,0.3826,,
12047,Hamilton,2013,3,5,14342,2812,5469,3938,2219,764.6,0.7841,,
12049,Hardee,2013,6,10,27311,7790,9922,6078,3906,875.8,0.8674,,
12051,Hendry,2013,9,15,37809,11318,13777,8614,4859,620.9,0.85605,,
12053,Hernando,2013,59,86,173639,32314,46102,47441,47085,785.8,0.321975,,
12055,Highlands,2013,29,49,98077,18118,23914,23659,32981,783.8,0.7159,,
12057,Hillsborough,2013,319,480,1304131,316323,500975,335393,165952,706.3,0.488675,,
12059,Holmes,2013,3,5,19594,4031,6594,5397,3616,753.5,0.5568,,
12061,Indian River,2013,37,59,141895,25591,35886,38966,41544,983.7,0.196975,,
12063,Jackson,2013,8,14,48880,9502,17678,13502,8506,636.1,0.76515,,
12065,Jefferson,2013,2,5,14209,2674,4420,4490,2786,886.6,0.530325,,
12067,Lafayette,2013,1,2,8819,1895,3667,2121,1202,756.3,0.6818,,
12069,Lake,2013,100,151,307973,62980,86754,80208,79259,839.4,0.397725,,
12071,Lee,2013,160,248,659834,128727,190342,175140,169988,691.2,0.35985,,
12073,Leon,2013,48,81,281887,56408,135755,62015,30629,583.9,0.393925,,
12075,Levy,2013,12,19,39433,8155,11045,11762,8686,747,0.66665,,
12077,Liberty,2013,1,2,8357,1625,3438,2244,1011,861.8,0.723475,,
12079,Madison,2013,3,6,18753,3949,6374,5274,3300,663.3,0.738625,,
12081,Manatee,2013,82,128,341855,69818,96039,92498,85494,923.7,0.44695,,
12083,Marion,2013,94,147,335083,64995,92003,88247,91714,614.8,0.409125,,
12085,Martin,2013,34,54,151126,25308,38117,43470,43689,808.2,0.0985,,
12086,Miami-Dade,2013,687,1036,2609692,573654,991282,685086,386640,616.9,0.833325,,
12087,Monroe,2013,16,29,75813,12246,24492,25281,14707,657,0.22725,,
12089,Nassau,2013,17,30,75384,15569,22837,22599,14272,802.2,0.11745,,
12091,Okaloosa,2013,43,73,192688,46757,71797,50027,27950,777,0.29545,,
12093,Okeechobee,2013,16,27,39482,9231,13221,9938,7368,856.6,0.84845,,
12095,Orange,2013,321,465,1227435,294735,517222,299399,129928,683.2,0.61745,,
12097,Osceola,2013,82,117,299238,77148,113991,72997,36057,726.1,0.719675,,
12099,Palm Beach,2013,364,537,1376462,278595,432415,362294,309663,568.3,0.499975,,
12101,Pasco,2013,147,214,474352,99255,143484,128742,104287,759,0.428025,,
12103,Pinellas,2013,259,388,928414,163202,278141,280995,209463,706.6,0.325775,,
12105,Polk,2013,191,279,622633,146730,204192,156157,120100,739.2,0.678025,,
12107,Putnam,2013,21,34,72370,16521,20895,20745,14895,908.2,0.844675,,
12109,St. Johns,2013,40,68,209439,45340,64143,62014,36752,622.5,0.257575,,
12111,St. Lucie,2013,86,127,285299,61355,86122,76040,62504,665.3,0.405325,,
12113,Santa Rosa,2013,34,57,160392,36891,56390,44949,22562,830.8,0.2841,,
12115,Sarasota,2013,90,144,389941,58945,91753,108665,130339,577.5,0.1932,,
12117,Seminole,2013,96,146,435503,94078,160006,121209,59379,638,0.54925,,
12119,Sumter,2013,30,50,106898,8682,17824,26769,53952,579.3,0.30305,,
12121,Suwannee,2013,11,17,43588,9693,14170,11600,8465,855,0.863625,,
12123,Taylor,2013,4,8,22873,4731,8200,6348,3951,834.3,0.708325,,
12125,Union,2013,4,9,15160,2971,5769,4622,1887,1494.1,0.731075,,
12127,Volusia,2013,130,202,500438,92744,151653,144176,113623,784.5,0.458325,,
12129,Wakulla,2013,6,10,31004,6614,11539,8938,4006,907.6,0.4053,,
12131,Walton,2013,13,22,59193,12980,19073,17427,10622,786.8,0.5189,,
12133,Washington,2013,5,8,24504,5062,8609,6834,4031,896.5,0.696975,,
12001,Alachua,2014,60,87,255456,50124,121729,55783,31913,751.5,0.272725,,
12003,Baker,2014,7,10,27122,6914,9678,7203,3492,835.8,0.363625,,
12005,Bay,2014,51,80,178289,41217,62575,48730,28513,922.2,0.4394,,
12007,Bradford,2014,7,12,26552,5713,9293,7258,4597,812.9,0.61745,,
12009,Brevard,2014,161,244,555548,104468,160157,166394,124920,749.9,0.106075,,
12011,Broward,2014,486,700,1860933,418016,658531,514869,283821,631.5,0.5038,,
12013,Calhoun,2014,3,5,14450,3051,5092,3881,2456,946.2,0.67045,,
12015,Charlotte,2014,51,84,168041,21597,34869,47734,63429,648.2,0.208325,,
12017,Citrus,2014,46,71,138828,21095,29861,39217,48801,864.3,0.321975,,
12019,Clay,2014,48,79,198570,46943,67045,55350,27808,781.5,0.162875,,
12021,Collier,2014,67,105,347211,65590,93811,87621,102217,467.5,0.318175,,
12023,Columbia,2014,22,33,67779,15512,22893,18386,11659,927.5,0.67425,,
12027,DeSoto,2014,6,12,35338,7518,12528,8377,7197,599.4,0.75,,
12029,Dixie,2014,5,7,16041,3169,4657,4690,3654,602,0.443175,,
12031,Duval,2014,278,405,896668,222332,344824,232985,113594,1017.1,0.424225,,
12033,Escambia,2014,88,131,307960,69324,116264,79362,47858,830.4,0.321975,,
12035,Flagler,2014,24,38,101889,18176,26392,28336,28655,893.7,0.140175,,
12037,Franklin,2014,2,4,11661,2032,4191,3174,2359,719.9,0.64395,,
12039,Gadsden,2014,13,17,46114,10760,15633,13115,7122,1014.6,0.7121,,
12041,Gilchrist,2014,5,7,16991,3529,5601,4651,3278,810.9,0.5985,,
12043,Glades,2014,1,2,12943,2140,4240,3303,3219,846.7,0.60605,,
12045,Gulf,2014,4,6,16002,2523,5865,4698,2961,452.6,0.3826,,
12047,Hamilton,2014,3,5,14071,2815,5248,3839,2267,965.6,0.7841,,
12049,Hardee,2014,7,10,27266,7693,9882,6054,4013,962.2,0.8674,,
12051,Hendry,2014,10,15,38474,11366,14038,8795,4977,751.2,0.85605,,
12053,Hernando,2014,61,87,175298,32281,46610,47719,48106,758.8,0.321975,,
12055,Highlands,2014,29,45,98584,18078,23972,23520,33695,759.2,0.7159,,
12057,Hillsborough,2014,333,493,1332298,320248,510893,342286,173677,674.1,0.488675,,
12059,Holmes,2014,2,4,19564,3978,6567,5331,3674,738.4,0.5568,,
12061,Indian River,2014,38,62,144445,25548,36122,39458,43409,949,0.196975,,
12063,Jackson,2014,8,14,48730,9335,17555,13351,8676,677.2,0.76515,,
12065,Jefferson,2014,3,5,14056,2579,4305,4428,2857,890.4,0.530325,,
12067,Lafayette,2014,1,2,8862,1854,3678,2124,1237,738.5,0.6818,,
12069,Lake,2014,107,158,315340,63639,88902,81810,82108,631.6,0.397725,,
12071,Lee,2014,172,263,677232,129901,194033,178059,179207,699.3,0.35985,,
12073,Leon,2014,53,82,283770,56182,136003,61873,32302,591.7,0.393925,,
12075,Levy,2014,13,17,39296,8041,10918,11540,8965,706.3,0.66665,,
12077,Liberty,2014,1,2,8418,1582,3488,2266,1063,909.3,0.723475,,
12079,Madison,2014,3,6,18601,3767,6283,5246,3388,964.1,0.738625,,
12081,Manatee,2014,84,131,350865,70119,98021,94971,89613,1003.7,0.44695,,
12083,Marion,2014,98,151,338005,65534,92568,88006,93964,635.5,0.409125,,
12085,Martin,2014,38,58,153119,25460,38350,43924,44965,779.3,0.0985,,
12086,Miami-Dade,2014,706,1048,2634269,576073,993004,696731,397050,589.2,0.833325,,
12087,Monroe,2014,16,27,76261,12505,24334,25088,15354,659.3,0.22725,,
12089,Nassau,2014,18,30,76250,15516,22904,22655,15160,787.6,0.11745,,
12091,Okaloosa,2014,44,72,194615,47410,72103,50134,29001,797.4,0.29545,,
12093,Okeechobee,2014,16,26,39569,9220,13242,9952,7513,845.8,0.84845,,
12095,Orange,2014,336,473,1256606,299923,527780,306223,136388,666.4,0.61745,,
12097,Osceola,2014,86,122,311046,79569,118757,75568,38222,703.7,0.719675,,
12099,Palm Beach,2014,377,557,1398656,281222,438193,367323,318636,575.1,0.499975,,
12101,Pasco,2014,147,213,483399,100515,146095,130579,107486,761.7,0.428025,,
12103,Pinellas,2014,277,394,936400,163731,279468,282025,215051,712,0.325775,,
12105,Polk,2014,198,287,634398,148392,208415,157867,124096,756.4,0.678025,,
12107,Putnam,2014,22,35,71971,16167,20653,20451,15265,946.4,0.844675,,
12109,St. Johns,2014,44,72,217836,46886,66862,63641,39370,654.5,0.257575,,
12111,St. Lucie,2014,93,134,290045,61269,87007,77343,65088,687.5,0.405325,,
12113,Santa Rosa,2014,35,57,162668,37159,56832,45442,23618,760.5,0.2841,,
12115,Sarasota,2014,89,147,396363,58969,92619,109543,135042,586,0.1932,,
12117,Seminole,2014,99,145,441399,94531,161701,122290,62227,658.1,0.54925,,
12119,Sumter,2014,32,53,112236,8871,17912,26978,58912,600.8,0.30305,,
12121,Suwannee,2014,11,17,43786,9632,14200,11535,8683,952.9,0.863625,,
12123,Taylor,2014,4,8,22584,4697,7968,6202,4045,853.5,0.708325,,
12125,Union,2014,4,6,15258,3071,5810,4541,1978,1467.1,0.731075,,
12127,Volusia,2014,136,204,506715,93241,153042,144945,117171,795.3,0.458325,,
12129,Wakulla,2014,6,10,31416,6599,11578,9083,4193,892.2,0.4053,,
12131,Walton,2014,13,21,61186,13360,19575,17960,11198,773.8,0.5189,,
12133,Washington,2014,4,7,24299,4889,8581,6741,4114,934.5,0.696975,,
12001,Alachua,2015,60,88,259052,50919,123187,55751,33472,746.3,0.272725,,
12003,Baker,2015,7,11,27355,6820,9718,7285,3623,909,0.363625,,
12005,Bay,2015,52,80,181488,42335,63659,49127,29400,877.3,0.4394,,
12007,Bradford,2015,8,12,26748,5727,9424,7212,4696,855.2,0.61745,,
12009,Brevard,2015,159,245,565746,106534,162306,168914,128876,760.2,0.106075,,
12011,Broward,2015,494,717,1885040,421877,663167,522061,293336,634.4,0.5038,,
12013,Calhoun,2015,3,5,14406,3061,5007,3863,2510,876.2,0.67045,,
12015,Charlotte,2015,50,81,172382,21933,35538,48563,66110,663.9,0.208325,,
12017,Citrus,2015,47,72,140287,21019,30042,39471,49806,842.1,0.321975,,
12019,Clay,2015,53,81,202392,47264,67933,56541,29180,821.7,0.162875,,
12021,Collier,2015,69,108,356041,65923,94765,89993,107197,467.6,0.318175,,
12023,Columbia,2015,21,32,68222,15627,22864,18415,11991,868.7,0.67425,,
12027,DeSoto,2015,7,12,35648,7329,12568,8511,7420,593.9,0.75,,
12029,Dixie,2015,5,7,16353,3094,4820,4714,3760,726.6,0.443175,,
12031,Duval,2015,286,415,910578,225437,349283,235539,118418,979.3,0.424225,,
12033,Escambia,2015,86,134,309311,69575,116187,79350,49085,837.8,0.321975,,
12035,Flagler,2015,26,40,104436,18145,26735,28940,30157,900.4,0.140175,,
12037,Franklin,2015,2,4,11707,2050,4095,3202,2476,676.6,0.64395,,
12039,Gadsden,2015,13,19,46060,10599,15467,13066,7359,809,0.7121,,
12041,Gilchrist,2015,5,7,17378,3665,5681,4723,3390,834,0.5985,,
12043,Glades,2015,1,2,13099,2017,4268,3317,3371,842,0.60605,,
12045,Gulf,2015,3,6,15929,2512,5709,4676,3067,673.6,0.3826,,
12047,Hamilton,2015,3,5,14272,2858,5363,3832,2328,823.7,0.7841,,
12049,Hardee,2015,6,10,27177,7565,9738,6095,4110,847,0.8674,,
12051,Hendry,2015,10,16,39248,11330,14326,9072,5137,654.7,0.85605,,
12053,Hernando,2015,60,88,177900,32567,47319,48286,49228,720,0.321975,,
12055,Highlands,2015,28,47,100137,18217,24293,23866,34512,794.3,0.7159,,
12057,Hillsborough,2015,356,516,1364073,326873,520688,350494,181834,622.5,0.488675,,
12059,Holmes,2015,2,4,19273,3874,6363,5297,3746,741.1,0.5568,,
12061,Indian River,2015,40,62,147434,25670,36607,39824,45556,1021.1,0.196975,,
12063,Jackson,2015,8,15,48609,9263,17422,13226,8849,649.5,0.76515,,
12065,Jefferson,2015,4,6,14115,2548,4278,4382,2981,923.9,0.530325,,
12067,Lafayette,2015,1,2,8724,1742,3561,2140,1261,753.3,0.6818,,
12069,Lake,2015,106,159,325154,65307,91634,84212,84964,733.2,0.397725,,
12071,Lee,2015,179,269,699644,132429,198900,182956,189346,720.4,0.35985,,
12073,Leon,2015,58,87,285904,56413,136249,61748,34053,600.3,0.393925,,
12075,Levy,2015,12,18,39601,8067,10962,11527,9266,681.2,0.66665,,
12077,Liberty,2015,1,2,8409,1583,3449,2254,1097,920.6,0.723475,,
12079,Madison,2015,4,6,18478,3754,6202,5146,3510,718.9,0.738625,,
12081,Manatee,2015,89,137,362548,71585,100424,98161,94333,935.6,0.44695,,
12083,Marion,2015,99,152,342182,66551,93588,88177,96172,647,0.409125,,
12085,Martin,2015,37,59,155559,25783,38575,44618,46191,800.5,0.0985,,
12086,Miami-Dade,2015,696,1052,2659839,581854,993110,707255,408623,567.1,0.833325,,
12087,Monroe,2015,18,28,76648,12642,24338,24879,15907,738.9,0.22725,,
12089,Nassau,2015,20,31,77951,15855,23183,23034,15979,757.4,0.11745,,
12091,Okaloosa,2015,44,72,197748,48197,73626,50323,29942,852.3,0.29545,,
12093,Okeechobee,2015,16,24,39854,9189,13243,10068,7740,823.8,0.84845,,
12095,Orange,2015,338,478,1291301,307229,541267,314623,142966,688.5,0.61745,,
12097,Osceola,2015,94,128,323736,82235,123716,78369,40588,701.1,0.719675,,
12099,Palm Beach,2015,384,571,1424256,285235,444522,374679,327262,587.4,0.499975,,
12101,Pasco,2015,158,225,494895,102745,149070,133476,110746,773.5,0.428025,,
12103,Pinellas,2015,299,417,947060,164191,281830,284081,221499,705.3,0.325775,,
12105,Polk,2015,205,291,648523,150868,212837,160563,128513,772.8,0.678025,,
12107,Putnam,2015,21,36,71939,16208,20467,20298,15629,925.3,0.844675,,
12109,St. Johns,2015,46,75,226362,48857,68856,65638,42045,666,0.257575,,
12111,St. Lucie,2015,96,139,297282,61920,88802,79401,67993,678.8,0.405325,,
12113,Santa Rosa,2015,34,57,166226,37449,57930,46405,24760,776.8,0.2841,,
12115,Sarasota,2015,92,151,404761,59839,93650,111106,140211,610.5,0.1932,,
12117,Seminole,2015,103,149,448318,95816,163493,124027,64722,662.7,0.54925,,
12119,Sumter,2015,32,54,117076,8983,18167,26813,63596,622.6,0.30305,,
12121,Suwannee,2015,12,17,43677,9469,14055,11522,8821,924.6,0.863625,,
12123,Taylor,2015,4,8,22355,4625,7835,6090,4092,863.7,0.708325,,
12125,Union,2015,4,7,15265,3094,5787,4512,2023,1567.6,0.731075,,
12127,Volusia,2015,142,213,516730,94965,155594,146838,121342,814,0.458325,,
12129,Wakulla,2015,6,11,31523,6711,11381,9102,4387,828.5,0.4053,,
12131,Walton,2015,13,21,63066,13946,19920,18464,11811,730.5,0.5189,,
12133,Washington,2015,5,7,24552,4928,8676,6764,4196,953.2,0.696975,,
12001,Alachua,2016,64,91,263959,51797,125444,55894,34986,755.8,0.272725,,
12003,Baker,2016,6,11,27884,6934,9983,7311,3742,909,0.363625,,
12005,Bay,2016,52,80,183634,42963,63728,49739,30325,892.7,0.4394,,
12007,Bradford,2016,7,12,26740,5680,9422,7148,4790,851.9,0.61745,,
12009,Brevard,2016,161,245,576874,108379,165125,171560,133173,786.9,0.106075,,
12011,Broward,2016,499,717,1912583,426756,669811,529305,303913,650.4,0.5038,,
12013,Calhoun,2016,3,5,14330,3026,4979,3850,2532,961.2,0.67045,,
12015,Charlotte,2016,51,86,177671,22185,36273,49955,69087,646.1,0.208325,,
12017,Citrus,2016,48,71,142804,21330,30566,39865,51235,845.3,0.321975,,
12019,Clay,2016,55,82,207246,48426,69338,57682,30729,802.9,0.162875,,
12021,Collier,2016,69,107,365445,65902,95926,92444,112538,459.1,0.318175,,
12023,Columbia,2016,23,33,69265,16061,23103,18460,12422,885,0.67425,,
12027,DeSoto,2016,7,12,36255,7217,12679,8760,7713,594,0.75,,
12029,Dixie,2016,6,7,16465,3085,4912,4660,3850,694.8,0.443175,,
12031,Duval,2016,281,412,926010,229363,353841,238370,123545,857.2,0.424225,,
12033,Escambia,2016,87,135,311473,70641,116103,79546,50402,834.7,0.321975,,
12035,Flagler,2016,27,41,107406,18289,27085,29868,31663,881.4,0.140175,,
12037,Franklin,2016,2,3,11823,2062,4088,3204,2602,690.1,0.64395,,
12039,Gadsden,2016,12,19,46086,10585,15337,12961,7667,907.7,0.7121,,
12041,Gilchrist,2016,5,7,17622,3703,5723,4796,3491,813.9,0.5985,,
12043,Glades,2016,1,2,13406,2018,4317,3404,3546,701.4,0.60605,,
12045,Gulf,2016,3,6,16062,2516,5696,4691,3198,618.2,0.3826,,
12047,Hamilton,2016,3,5,14303,2818,5328,3845,2385,859.7,0.7841,,
12049,Hardee,2016,6,11,27219,7549,9682,6180,4204,768.5,0.8674,,
12051,Hendry,2016,9,15,40037,11455,14532,9457,5280,732.5,0.85605,,
12053,Hernando,2016,64,91,182459,33789,48630,49391,50471,799.3,0.321975,,
12055,Highlands,2016,30,48,102041,18340,24828,24022,35585,819.2,0.7159,,
12057,Hillsborough,2016,357,527,1396693,333473,530467,358818,190288,725.3,0.488675,,
12059,Holmes,2016,2,4,19398,4006,6410,5295,3774,740.9,0.5568,,
12061,Indian River,2016,39,62,151159,25498,37236,40771,47731,948.8,0.196975,,
12063,Jackson,2016,8,14,48299,9284,17272,12970,9024,657.7,0.76515,,
12065,Jefferson,2016,3,5,13960,2562,4110,4298,3082,885.1,0.530325,,
12067,Lafayette,2016,1,2,8747,1699,3560,2125,1282,914.1,0.6818,,
12069,Lake,2016,105,158,334913,66844,94512,86560,88098,814.7,0.397725,,
12071,Lee,2016,171,264,722649,135133,204176,188865,198487,723.1,0.35985,,
12073,Leon,2016,57,86,286744,56373,135234,61799,35873,593.6,0.393925,,
12075,Levy,2016,12,18,39837,8107,10935,11536,9494,678.3,0.66665,,
12077,Liberty,2016,2,2,8300,1487,3402,2235,1133,907.1,0.723475,,
12079,Madison,2016,3,6,18316,3732,6105,5077,3581,741.6,0.738625,,
12081,Manatee,2016,89,137,375373,73095,103543,101739,98881,884.1,0.44695,,
12083,Marion,2016,99,152,347469,67739,94669,88943,98612,667.2,0.409125,,
12085,Martin,2016,39,63,158325,26281,39092,45185,47664,852.8,0.0985,,
12086,Miami-Dade,2016,708,1047,2692213,588861,996529,719581,420481,628,0.833325,,
12087,Monroe,2016,17,28,76872,12753,24240,24648,16374,692,0.22725,,
12089,Nassau,2016,19,32,80055,16283,23552,23468,16947,808,0.11745,,
12091,Okaloosa,2016,44,72,200071,48699,73940,50836,30913,794.6,0.29545,,
12093,Okeechobee,2016,17,23,40769,9283,13626,10276,7942,871.3,0.84845,,
12095,Orange,2016,341,474,1326516,314608,553728,323619,149820,687.2,0.61745,,
12097,Osceola,2016,98,132,338209,85294,129205,81823,43039,686.7,0.719675,,
12099,Palm Beach,2016,392,570,1450890,289973,451467,380838,337177,597.9,0.499975,,
12101,Pasco,2016,161,229,509937,105771,153352,137796,114718,781.6,0.428025,,
12103,Pinellas,2016,298,432,959874,165273,284803,286310,228619,713.7,0.325775,,
12105,Polk,2016,203,295,665823,153710,219163,163776,133596,760,0.678025,,
12107,Putnam,2016,23,37,72373,16161,20453,20270,16052,910.8,0.844675,,
12109,St. Johns,2016,47,76,234828,50676,70321,67761,45106,653.4,0.257575,,
12111,St. Lucie,2016,99,139,305566,63107,90753,81827,71107,698,0.405325,,
12113,Santa Rosa,2016,38,62,169894,38287,58814,47302,25919,798,0.2841,,
12115,Sarasota,2016,94,152,412968,60213,93938,112793,146005,607.9,0.1932,,
12117,Seminole,2016,106,155,455945,97464,165980,125264,67497,657.6,0.54925,,
12119,Sumter,2016,32,55,122009,9286,18298,26804,68176,638,0.30305,,
12121,Suwannee,2016,12,18,43834,9438,13948,11682,9021,884.1,0.863625,,
12123,Taylor,2016,5,8,22099,4629,7651,5895,4205,983.7,0.708325,,
12125,Union,2016,4,9,15238,3043,5753,4506,2075,1497.8,0.731075,,
12127,Volusia,2016,146,217,528453,97135,159704,148873,125630,816.2,0.458325,,
12129,Wakulla,2016,7,11,31882,6864,11330,9139,4588,958.7,0.4053,,
12131,Walton,2016,13,22,65421,14396,20396,19176,12471,785.3,0.5189,,
12133,Washington,2016,5,7,24454,4944,8570,6743,4263,1079.6,0.696975,,
12001,Alachua,2017,66,91,266309,51949,126356,55696,36454,728.9,0.272725,,
12003,Baker,2017,6,10,28254,7051,10189,7347,3899,953.1,0.363625,,
12005,Bay,2017,56,82,184736,42958,63727,49954,31147,916.7,0.4394,,
12007,Bradford,2017,7,12,27142,5878,9608,7146,4854,922.6,0.61745,,
12009,Brevard,2017,164,251,587769,110205,169290,173083,136862,801.7,0.106075,,
12011,Broward,2017,494,703,1934516,431486,674405,533676,314039,638.4,0.5038,,
12013,Calhoun,2017,3,5,14428,2989,5007,3924,2580,947.5,0.67045,,
12015,Charlotte,2017,54,85,181522,22091,36688,50783,71802,678.4,0.208325,,
12017,Citrus,2017,48,73,145415,21813,31171,40087,52553,833.8,0.321975,,
12019,Clay,2017,53,82,212228,49342,70962,58808,32388,803.1,0.162875,,
12021,Collier,2017,73,110,372678,66271,96653,93794,117343,481.4,0.318175,,
12023,Columbia,2017,24,35,69999,16202,23335,18447,12879,975.7,0.67425,,
12027,DeSoto,2017,8,13,37241,7396,13106,8901,7996,765.7,0.75,,
12029,Dixie,2017,5,7,16615,3153,4978,4672,3892,1009.6,0.443175,,
12031,Duval,2017,280,412,937933,232616,357320,239959,128279,868.6,0.424225,,
12033,Escambia,2017,93,136,313249,71072,116213,79422,51942,904.6,0.321975,,
12035,Flagler,2017,27,41,109999,18381,27407,30559,33062,707,0.140175,,
12037,Franklin,2017,2,4,11724,2003,3960,3180,2703,744.5,0.64395,,
12039,Gadsden,2017,14,19,45993,10481,15152,12865,7942,746.2,0.7121,,
12041,Gilchrist,2017,5,7,17900,3792,5797,4873,3584,899,0.5985,,
12043,Glades,2017,1,2,13580,1935,4361,3485,3642,526.2,0.60605,,
12045,Gulf,2017,4,6,16105,2566,5560,4693,3341,860.3,0.3826,,
12047,Hamilton,2017,3,5,14364,2899,5300,3791,2495,996.6,0.7841,,
12049,Hardee,2017,6,10,27154,7505,9483,6135,4357,702,0.8674,,
12051,Hendry,2017,9,15,41018,11807,14750,9733,5457,731.5,0.85605,,
12053,Hernando,2017,66,94,186704,34665,50383,50334,51488,833,0.321975,,
12055,Highlands,2017,31,47,103852,18665,25253,24239,36489,773.2,0.7159,,
12057,Hillsborough,2017,361,522,1426736,338526,541650,365406,198374,716,0.488675,,
12059,Holmes,2017,2,4,19427,3985,6401,5345,3783,861.2,0.5568,,
12061,Indian River,2017,40,63,154241,25413,37636,41555,49825,614.1,0.196975,,
12063,Jackson,2017,8,14,48289,9334,17243,12742,9219,935.1,0.76515,,
12065,Jefferson,2017,3,6,14165,2620,4150,4306,3215,823.4,0.530325,,
12067,Lafayette,2017,1,2,8602,1699,3374,2098,1358,970,0.6818,,
12069,Lake,2017,111,164,345432,68331,97482,89457,91654,763.2,0.397725,,
12071,Lee,2017,172,267,740000,135683,208215,192347,207386,623,0.35985,,
12073,Leon,2017,59,91,290965,57024,137324,61851,37498,725.3,0.393925,,
12075,Levy,2017,12,18,40276,8044,11083,11499,9813,910.6,0.66665,,
12077,Liberty,2017,1,2,8236,1513,3315,2226,1187,874.1,0.723475,,
12079,Madison,2017,3,6,18474,3679,6182,5072,3695,765.3,0.738625,,
12081,Manatee,2017,94,143,385506,73688,105927,104114,103586,638.2,0.44695,,
12083,Marion,2017,104,157,353339,68787,96205,89614,101317,833.8,0.409125,,
12085,Martin,2017,42,64,159701,26395,39358,45291,48701,603,0.0985,,
12086,Miami-Dade,2017,681,1021,2713295,592208,994919,729654,431554,586,0.833325,,
12087,Monroe,2017,15,26,76483,12672,23866,24192,16831,669.4,0.22725,,
12089,Nassau,2017,21,34,82925,16805,24381,24056,17986,862.3,0.11745,,
12091,Okaloosa,2017,48,75,203478,49267,75351,51092,32012,825.9,0.29545,,
12093,Okeechobee,2017,16,23,41275,9327,13762,10543,8095,909.2,0.84845,,
12095,Orange,2017,338,476,1355921,319515,564499,330488,156966,687.1,0.61745,,
12097,Osceola,2017,98,136,353623,88944,135230,85464,45633,724.6,0.719675,,
12099,Palm Beach,2017,391,564,1470344,293176,455775,384897,346213,596.8,0.499975,,
12101,Pasco,2017,161,230,525141,109255,158381,141355,118387,784.6,0.428025,,
12103,Pinellas,2017,300,425,968341,164532,287007,287121,235113,720.3,0.325775,,
12105,Polk,2017,207,304,685368,157585,226285,167848,138326,766.1,0.678025,,
12107,Putnam,2017,24,39,73384,16620,20631,20309,16573,977,0.844675,,
12109,St. Johns,2017,46,76,243693,52201,72392,69939,48080,648.5,0.257575,,
12111,St. Lucie,2017,95,138,313163,64138,92650,83476,74332,677.6,0.405325,,
12113,Santa Rosa,2017,40,61,174049,39180,59851,48374,27319,822.5,0.2841,,
12115,Sarasota,2017,94,153,419680,60288,94497,113488,151266,600.9,0.1932,,
12117,Seminole,2017,104,150,462801,99295,168991,125443,70094,671,0.54925,,
12119,Sumter,2017,32,56,124995,9473,18403,26331,71339,620.6,0.30305,,
12121,Suwannee,2017,11,18,44124,9494,13933,11694,9211,947.1,0.863625,,
12123,Taylor,2017,5,8,21781,4595,7380,5764,4297,816.2,0.708325,,
12125,Union,2017,6,10,15448,3067,5836,4545,2172,1410.2,0.731075,,
12127,Volusia,2017,148,222,537868,98958,162421,150360,129539,858.9,0.458325,,
12129,Wakulla,2017,7,11,32050,6999,11155,9173,4815,867.7,0.4053,,
12131,Walton,2017,13,23,68021,14990,20974,19956,13183,772.6,0.5189,,
12133,Washington,2017,4,7,24546,4973,8599,6801,4294,1065.1,0.696975,,
